Site Code,Month-Year,Total Stream Downtime (Hours),Zinc Tails Grade %,Zinc Conc. Produced,Zinc Contained in Zinc Concentrate %,Zinc Conc. Pb Grade %,Zinc Conc. Ag Grade gr/t,Recovery % - Pb,Recovery % - Zn,Plant Yield - Copper (Adjusted),Plant Yield Zinc + Lead (Unadjusted),Total Metal - Zinc + Lead (Adjusted),Total Metal - Zinc + Lead (Unadjusted),Total Ore (Adjusted),Total Ore (Unadjusted),Total Number of Downs,Available Time (Hours),Calendar Time (Hours),Excluded Calendar Time (Hours),Maintenance Non Scheduled (Hours),Maintenance Scheduled (Hours),Maintenance Time (Hours),Major Maintenance Shutdown (Hours),Operating Delays (Hours),Production Time (Hours),Standby Time (Hours),Utilized Time (Hours),Total Metal - Zinc (Adjusted),Total Metal - Zinc (Unadjusted),Total Metal - Lead (Adjusted),Total Metal - Lead (Unadjusted),Effective Asset Utilization,Maintenance Availability,Mean Down Time (Hours),Mean Time Between Downs (Hours),Physical Availability,Daily Production Rate When Running,Tonnes Processed,Plant Feed Rate,Daily Feed Rate When Running,% Online Time
RDM,Jan-2018,861.00,2.82%,88172.00,53.69%,2.68%,1.23,48.26%,83.26%,,14.14%,55458.12,55458.12,370540.00,392298,24,2224.82,2232,0,7.160000000000002,0.02,7.1800000000000015,0,14.099999999999996,2210.7200000000003,0,2224.82,47343.53,47343.53,8114.59,8114.591,99.05%,99.68%,0.29916666666666675,92.70083333333334,99.68%,138.71227473402328,370540,167.6105522182818,502.83165665484546,99.05%
RDM,Feb-2018,1159.80,3.41%,73952.00,53.23%,2.53%,1.26,47.41%,82.69%,,14.28%,45134.29,45134.29,281233.00,316010,11,1961.54,2016,0,2.3299999999999996,0.71,54.46,51.42,305.6300000000001,1655.9099999999999,0,1961.54,39367.27,39367.27,5767.02,5767.023,82.14%,97.30%,4.950909090909091,178.32181818181817,97.30%,152.64597713643857,281233,169.83592103435575,509.50776310306725,84.29%
RDM,Mar-2018,2330.62,2.90%,63691.00,54.60%,2.84%,1.24,52.36%,83.70%,,13.92%,40607.77,40607.77,261366.00,291820,10,2123.62,2232,0,31.380000000000003,0,108.38,77,520.5399999999995,1603.0800000000004,0,2123.62,34776.68,34776.68,5831.09,5831.087,71.82%,95.14%,10.838,212.362,95.14%,138.1297252788382,261366,163.0398981959727,489.11969458791816,74.39%
RDM,Apr-2018,1013.20,2.94%,87611.00,54.41%,3.28%,1.30,48.85%,84.21%,,15.28%,55404.21,55404.21,350363.00,362536,17,2061.37,2160,0,38.46,0.35,98.63000000000001,59.82,94.54999999999993,1966.82,0,2061.37,47671.16,47671.16,7733.05,7733.046,91.06%,95.43%,5.801764705882354,121.2570588235294,95.43%,154.6537049653756,350363,178.13678933506878,534.4103680052064,93.65%
RDM,May-2018,903.96,3.17%,93711.00,54.02%,2.85%,1.27,47.14%,82.77%,,14.72%,59289.74,59289.74,375458.00,402725,14,2208.85,2232,0,3.32,3.5,23.150000000000002,16.33,59.69999999999998,2149.15,0,2208.85,50622.73,50622.73,8667.01,8667.008,96.29%,98.96%,1.6535714285714287,157.775,98.96%,152.80366656585161,375458,174.7006956238513,524.1020868715539,97.00%
RDM,Jun-2018,756.68,2.63%,100408.00,55.06%,3.10%,1.34,50.37%,86.16%,,15.83%,64538.64,64538.64,386351.00,407614,8,2146.36,2160,0,13.639999999999999,0,13.639999999999999,0,21.240000000000006,2125.1200000000003,0,2146.36,55289.33,55289.33,9249.32,9249.318,98.39%,99.37%,1.7049999999999998,268.295,99.37%,164.34836620990814,386351,181.80196882999545,545.4059064899864,98.39%
RDM,Jul-2018,820.20,2.75%,97722.00,54.99%,3.36%,1.06,54.18%,85.24%,,15.44%,62480.82,62480.82,376646.00,404569,14,2157.07,2232,0,46.91,0,74.92999999999999,28.02,18.219999999999995,2138.8500000000004,0,2157.07,53741.80,53741.80,8739.02,8739.02,95.83%,96.64%,5.352142857142857,154.07642857142858,96.64%,159.1640367487201,376646,176.09743553778898,528.2923066133669,97.04%
RDM,Aug-2018,1274.62,2.60%,85011.00,54.27%,3.11%,1.14,53.81%,84.32%,,13.95%,55086.49,55086.49,353369.00,394999,20,2092.21,2232,0,65.19,0,139.79,74.6,74.92,2017.29,0,2092.21,46137.40,46137.40,8949.09,8949.091,90.38%,93.74%,6.9895,104.6105,93.74%,150.33981232247223,353369,175.17015401850998,525.51046205553,93.51%
RDM,Sep-2018,1725.90,2.41%,87742.00,54.84%,3.31%,1.34,53.34%,85.24%,,13.46%,56827.94,56827.94,377956.00,422167,23,1916.35,2160,0,175.89,0,243.65,67.75999999999999,28.199999999999974,1888.1499999999999,0,1916.35,48114.83,48114.83,8713.11,8713.111,87.41%,88.72%,10.593478260869565,83.3195652173913,88.72%,164.06058840664144,377956,200.1726557741705,600.5179673225115,90.25%
RDM,Oct-2018,425.66,2.97%,132535.00,54.63%,2.77%,1.37,49.03%,83.44%,,17.69%,83797.21,83797.21,561729.00,473601,2,2230.39,2232,0,1.6099999999999999,0,1.6099999999999999,0,1.1,2229.29,0,2230.39,72408.40,72408.40,11388.80,11388.804,99.88%,99.93%,0.8049999999999999,1115.195,99.93%,204.30450950751137,561729,251.97663830188088,755.9299149056426,99.88%
RDM,Nov-2018,1994.27,2.60%,61716.00,55.02%,3.58%,1.61,47.68%,82.11%,,12.26%,40285.54,40285.54,297949.00,328696,38,1692.25,2160,0,36.89,0,467.7500000000001,430.86,57.019999999999996,1635.23,0,1692.25,33955.89,33955.89,6329.65,6329.649,75.71%,78.34%,12.309210526315793,44.5328947368421,78.34%,134.9241391119292,297949,182.20617283195637,546.6185184958691,94.57%
RDM,Dec-2018,903.10,2.81%,97773.00,54.99%,2.65%,1.45,50.51%,82.99%,,14.24%,62693.07,62693.07,435575.00,440352,26,2165.03,2232,0,53.23999999999999,1.21,66.96999999999998,12.52,26.049999999999994,2138.98,0,2165.03,53764.09,53764.09,8928.98,8928.976,95.83%,97.00%,2.57576923076923,83.27038461538463,97.00%,158.89910144087366,435575,203.63678014754697,610.910340442641,96.37%
RDM,Jan-2019,784.97,3.04%,90802.00,54.51%,2.47%,1.57,50.01%,82.15%,,14.14%,56851.72,56851.72,402690.00,402128,26,2157.66,2232,0,33.74999999999999,0,74.33999999999999,40.589999999999996,26.279999999999998,2131.3799999999997,0,2157.66,49500.53,49500.53,7351.19,7351.185,95.49%,96.67%,2.859230769230769,82.98692307692308,96.67%,146.13912113278724,402690,188.9339301297751,566.8017903893253,97.26%
RDM,Feb-2019,2147.06,2.80%,60342.00,54.14%,2.95%,1.68,49.38%,82.98%,,13.68%,38368.59,38368.59,267807.00,280419,26,1927.54,2016,0,52.11000000000001,0,88.46,36.35,510.9199999999999,1416.6200000000001,0,1927.54,32667.10,32667.10,5701.50,5701.498,70.27%,95.61%,3.402307692307692,74.13615384615385,95.61%,148.63830808544282,267807,189.0464627070068,567.1393881210204,71.56%
RDM,Mar-2019,3166.16,2.66%,51685.00,54.27%,2.72%,1.67,56.71%,83.74%,,13.31%,33848.41,33848.41,216882.00,254329,7,2217.72,2232,0,14.280000000000001,0,14.280000000000001,0,960.2899999999997,1257.43,0,2217.72,28050.51,28050.51,5797.89,5797.894,56.34%,99.36%,2.04,316.8171428571428,99.36%,147.70126368863475,216882,172.48037664124445,517.4411299237333,56.34%
RDM,Apr-2019,510.05,2.88%,102306.00,53.95%,2.83%,1.50,55.74%,83.09%,,14.73%,65323.51,65323.51,431758.00,443379,4,2157.54,2160,0,2.46,0,2.46,0,43.78999999999999,2113.75,0,2157.54,55193.46,55193.46,10130.05,10130.053,97.86%,99.89%,0.615,539.385,99.89%,170.33187463039621,431758,204.2616203429923,612.7848610289769,97.86%
RDM,May-2019,396.08,3.07%,91780.00,54.18%,3.29%,1.37,58.43%,81.76%,,13.82%,59794.30,59794.30,401268.00,432739,29,2208.01,2232,0,23.989999999999995,0,23.989999999999995,0,18.099999999999994,2189.9100000000003,0,2208.01,49726.75,49726.75,10067.55,10067.547,98.11%,98.93%,0.8272413793103447,76.13827586206898,98.93%,149.7595791607874,401268,183.23492746277242,549.7047823883172,98.11%
RDM,Jun-2019,553.06,1.63%,95892.00,55.37%,2.73%,1.37,56.78%,90.10%,,16.51%,61998.27,61998.27,363302.00,375473,18,2097.17,2160,0,21.14,0,62.83,41.69,19.490000000000006,2077.6800000000003,0,2097.17,53097.28,53097.28,8900.99,8900.986,96.19%,97.09%,3.4905555555555554,116.50944444444445,97.09%,160.79040083169687,363302,174.85945862693,524.57837588079,98.08%
RDM,Jul-2019,665.10,2.20%,99021.00,54.19%,3.56%,1.52,53.93%,86.74%,,15.09%,63123.61,63123.61,397197.00,418379,26,2155.7,2232,0,76.30000000000003,0,76.30000000000003,0,6.27,2149.43,0,2155.7,53658.98,53658.98,9464.63,9464.629,96.30%,96.58%,2.9346153846153857,82.91153846153846,96.58%,162.04714738325976,397197,184.7917820073229,554.3753460219687,96.30%
RDM,Aug-2019,900.64,2.26%,89164.00,54.77%,2.96%,1.14,58.15%,85.65%,,14.04%,58514.65,58514.65,376833.00,416856,29,2050.91,2232,0,144.26,0,181.09,36.83,16.629999999999995,2034.2799999999997,0,2050.91,48837.10,48837.10,9677.55,9677.549,91.14%,91.89%,6.2444827586206895,70.72103448275861,91.89%,156.56841732701497,376833,185.24146135241955,555.7243840572587,92.67%
RDM,Sep-2019,452.52,2.79%,93865.00,53.92%,3.29%,1.56,53.57%,83.47%,,14.72%,60300.98,60300.98,394899.00,409776,18,2103.17,2160,0,56.830000000000005,0,56.830000000000005,0,10.48,2092.69,0,2103.17,50613.14,50613.14,9687.85,9687.847,96.88%,97.37%,3.1572222222222224,116.84277777777778,97.37%,160.1790040569793,394899,188.70401253888537,566.1120376166562,96.88%
RDM,Oct-2019,1062.01,2.60%,79669.00,54.74%,2.88%,1.55,58.44%,84.30%,,15.84%,52265.42,52265.42,325629.00,329874,63,1813.9299999999998,2232,0,302.1900000000001,0,418.07000000000016,115.88,52.34,1761.59,0,1813.9299999999998,43609.16,43609.16,8656.26,8656.263,78.92%,81.27%,6.636031746031748,28.79253968253968,81.27%,162.94711028105291,325629,184.84948256972396,554.5484477091719,83.25%
RDM,Nov-2019,1573.29,2.89%,83682.00,54.45%,2.69%,1.43,65.02%,82.89%,,20.07%,55117.90,55117.90,348262.00,274636,62,1792.44,2160,0,113.84,0,367.55999999999995,253.72,301.81000000000023,1490.6299999999999,0,1792.44,45563.49,45563.49,9554.41,9554.409,69.01%,82.98%,5.928387096774193,28.91032258064516,82.98%,202.60560970864668,348262,233.6341010176905,700.9023030530716,78.20%
RDM,Dec-2019,1070.84,2.80%,77040.00,54.41%,3.04%,1.52,48.78%,83.18%,,15.31%,49721.00,49721.00,329681.00,324656,48,1985.92,2232,0,181.07000000000002,0,246.08000000000004,65.01,101.63,1884.29,0,1985.92,41914.67,41914.67,7806.34,7806.335,84.42%,88.97%,5.126666666666668,41.373333333333335,88.97%,144.94106533495375,329681,174.9629834048899,524.8889502146698,86.95%
RDM,Jan-2020,875.60,2.45%,74898.00,53.98%,3.60%,1.81,52.63%,83.22%,,14.92%,48604.61,48604.61,344941.00,325803,51,1938.56,2232,0,149.35999999999999,0,293.43999999999994,144.08,55.64,1882.9199999999998,0,1938.56,40431.68,40431.68,8172.93,8172.93,84.36%,86.85%,5.753725490196078,38.01098039215686,86.85%,143.07564846090116,344941,183.19471884094918,549.5841565228475,90.18%
RDM,Feb-2020,700.60,3.02%,80477.00,53.81%,3.30%,1.59,48.38%,79.59%,,13.26%,50996.66,50996.66,396495.00,384645,16,2037.07,2088,0,40.83000000000001,0,50.930000000000014,10.1,23.669999999999998,2013.3999999999999,0,2037.07,43303.01,43303.01,7693.65,7693.653,96.43%,97.56%,3.183125000000001,127.316875,97.56%,140.84086619648355,396495,196.92808185159433,590.784245554783,96.90%
RDM,Mar-2020,1069.13,3.11%,83058.00,53.77%,3.03%,1.48,50.75%,80.23%,,13.93%,52118.38,52118.38,394698.00,374070,21,2156.47,2232,0,75.53,0,75.53,0,218.17999999999998,1938.2899999999997,0,2156.47,44659.91,44659.91,7458.47,7458.469,86.84%,96.62%,3.5966666666666667,102.68904761904761,96.62%,149.4513204938374,394698,203.63206744088865,610.8962023226659,86.84%
RDM,Apr-2020,1678.39,2.74%,41982.00,53.65%,2.77%,1.59,65.39%,80.29%,,13.09%,28060.21,28060.21,208983.00,214360,41,1979.1200000000001,2160,0,178.89999999999995,0,180.87999999999994,1.98,379.0700000000001,1600.05,0,1979.1200000000001,22522.66,22522.66,5537.55,5537.546,74.08%,91.63%,4.411707317073169,48.271219512195124,91.63%,97.21571200899973,208983,130.61029342833038,391.83088028499117,74.14%
RDM,May-2020,1443.69,3.11%,55725.00,54.15%,3.40%,1.81,61.16%,75.37%,,11.05%,37995.66,37995.66,323355.00,343881,61,2046.97,2232,0,124.75999999999999,0,185.03000000000003,60.269999999999996,117.28999999999998,1929.68,0,2046.97,30177.27,30177.27,7818.40,7818.395,86.46%,91.71%,3.033278688524591,33.55688524590164,91.71%,110.20531901662451,323355,167.56923427718584,502.7077028315575,88.85%
RDM,Jun-2020,906.55,2.50%,57688.00,54.14%,3.77%,1.72,67.43%,78.63%,,10.38%,39336.55,39336.55,326076.00,379044,22,2139.69,2160,0,20.310000000000006,0,20.310000000000006,0,92.02999999999997,2047.66,0,2139.69,31230.27,31230.27,8106.28,8106.276,94.80%,99.06%,0.9231818181818184,97.25863636363637,99.06%,107.21506500102556,326076,159.24323373997635,477.72970121992904,94.80%
RDM,Jul-2020,267.08,2.29%,77377.00,54.39%,3.45%,1.63,62.03%,83.77%,,13.12%,51234.29,51234.29,356583.00,390484,29,2176.78,2232,0,55.21999999999998,0,55.21999999999998,0,45.12999999999999,2131.65,0,2176.78,42084.20,42084.20,9150.10,9150.096,95.50%,97.53%,1.904137931034482,75.06137931034483,97.53%,132.1004855393709,356583,167.2802758426571,501.84082752797127,95.50%
RDM,Aug-2020,246.62,2.49%,82575.00,55.10%,3.24%,1.46,62.38%,83.63%,,13.33%,55273.96,55273.96,357973.00,414780,21,2083.87,2232,0,148.13000000000002,0,148.13000000000002,0,48.35999999999999,2035.51,0,2083.87,45495.18,45495.18,9778.77,9778.772,91.20%,93.36%,7.053809523809525,99.23190476190476,93.36%,147.8489420341831,357973,175.86403407499841,527.5921022249952,91.20%
RDM,Sep-2020,140.30,2.04%,80203.00,55.78%,2.83%,1.65,57.54%,86.26%,,12.47%,52075.58,52075.58,376948.00,417544,15,2080.27,2160,0,79.72999999999999,0,79.72999999999999,0,21.350000000000012,2058.92,0,2080.27,44736.35,44736.35,7339.23,7339.234,95.32%,96.31%,5.315333333333332,138.68466666666666,96.31%,135.30977405630136,376948,183.08044994463117,549.2413498338935,95.32%
RDM,Oct-2020,220.31,2.55%,83758.00,55.19%,2.88%,1.71,61.39%,84.10%,,12.98%,54807.40,54807.40,372887.00,422217,12,2157.81,2232,0,74.18999999999998,0,74.18999999999998,0,54.41000000000001,2103.4,0,2157.81,46224.25,46224.25,8583.15,8583.15,94.24%,96.68%,6.182499999999998,179.8175,96.68%,140.46401064942472,372887,177.2782162213559,531.8346486640677,94.24%
RDM,Nov-2020,263.89,2.70%,81188.00,54.51%,2.92%,1.48,50.42%,84.84%,,18.52%,51454.18,51454.18,329525.00,277874,44,2056.99,2160,0,36.83,0,103.01000000000005,66.18,31.840000000000003,2025.1499999999999,0,2056.99,44252.96,44252.96,7201.22,7201.219,93.76%,95.23%,2.3411363636363647,46.74977272727272,95.23%,138.68454188578625,329525,162.7163419993581,488.1490259980743,96.72%
RDM,Dec-2020,86.79,2.85%,102793.00,54.11%,2.84%,1.44,59.75%,84.01%,,14.75%,66276.60,66276.60,407195.00,449382,11,2218.01,2232,0,13.989999999999998,0,13.989999999999998,0,21.359999999999992,2196.65,0,2218.01,55622.65,55622.65,10653.95,10653.951,98.42%,99.37%,1.2718181818181817,201.63727272727274,99.37%,166.31962306239043,407195,185.3709056973118,556.1127170919353,98.42%
RDM,Jan-2021,378.68,3.10%,75120.00,53.36%,3.01%,1.47,55.13%,79.23%,,13.18%,49197.91,49197.91,364247.00,373379,26,2101.52,2232,0,110.46000000000001,0,130.48000000000002,20.020000000000003,95.61,2005.91,0,2101.52,40082.92,40082.92,9114.99,9114.994,89.87%,94.15%,5.018461538461539,80.8276923076923,94.15%,136.89048860616876,364247,181.58691067894372,544.7607320368312,90.68%
RDM,Feb-2021,42.84,2.72%,66283.00,53.04%,3.13%,1.46,49.08%,78.43%,,10.79%,42881.86,42881.86,380906.00,397588,9,1999.78,2016,0,16.22,0,16.22,0,19.450000000000003,1980.33,0,1999.78,35157.51,35157.51,7724.35,7724.353,98.23%,99.20%,1.8022222222222222,222.1977777777778,99.20%,121.24948872157671,380906,192.3447102250635,577.0341306751905,98.23%
RDM,Mar-2021,115.83,2.57%,82570.00,53.81%,3.07%,1.33,59.65%,83.69%,,13.05%,53417.02,53417.02,369201.00,409451,24,2188.84,2232,0,43.16,0,43.16,0,32.56999999999998,2156.27,0,2188.84,44428.52,44428.52,8988.50,8988.498,96.61%,98.07%,1.7983333333333331,91.20166666666667,98.07%,136.459256030089,369201,171.22206402723222,513.6661920816966,96.61%
RDM,Apr-2021,242.75,1.87%,71220.00,55.14%,3.14%,1.36,60.61%,85.51%,,11.70%,48183.75,48183.75,338911.00,411960,36,2069.66,2160,0,56.240000000000016,0,90.34000000000002,34.1,36.32,2033.34,0,2069.66,39268.94,39268.94,8914.81,8914.807,94.14%,95.82%,2.509444444444445,57.49055555555555,95.82%,128.36171028947447,338911,166.6769945016574,500.03098350497214,95.65%
RDM,May-2021,91.76,2.52%,90015.00,54.28%,2.59%,1.26,53.45%,83.35%,,13.17%,58289.13,58289.13,421537.00,442603,28,2201.92,2232,0,30.08000000000001,0,30.08000000000001,0,38.239999999999995,2163.6800000000003,0,2201.92,48863.03,48863.03,9426.11,9426.107,96.94%,98.65%,1.0742857142857145,78.64,98.65%,147.61517414774826,421537,194.82409598461876,584.4722879538563,96.94%
RDM,Jun-2021,192.88,2.97%,97748.00,53.39%,3.20%,1.26,53.14%,82.34%,,15.19%,62321.37,62321.37,430648.00,410381,26,2088.81,2160,0,43.37999999999999,0,71.18999999999998,27.81,32.76,2056.0499999999997,0,2088.81,52191.13,52191.13,10130.24,10130.244,95.19%,96.70%,2.7380769230769224,80.33884615384615,96.70%,168.96476253009413,430648,209.45405024196884,628.3621507259065,96.43%
RDM,Jul-2021,512.54,2.83%,75153.00,53.34%,3.54%,1.30,54.25%,83.71%,,13.89%,47475.05,47475.05,316253.00,341820,46,2046.21,2232,0,185.79000000000005,0,185.79000000000005,0,103.51999999999998,1942.69,0,2046.21,40086.62,40086.62,7388.43,7388.43,87.04%,91.68%,4.038913043478262,44.48282608695652,91.68%,138.1517380539355,316253,162.79128425018916,488.3738527505675,87.04%
RDM,Aug-2021,367.32,3.51%,84909.00,52.31%,3.25%,1.38,48.35%,78.88%,,15.13%,52995.36,52995.36,390640.00,350350,29,2107.23,2232,0,60.49,0,124.77,64.28,38.309999999999995,2068.92,0,2107.23,44416.53,44416.53,8578.84,8578.836,92.69%,94.41%,4.302413793103448,72.66310344827586,94.41%,146.89548170059743,390640,188.81348723005237,566.4404616901571,95.44%
RDM,Sep-2021,517.59,2.76%,61716.00,54.25%,3.19%,1.57,59.14%,80.55%,,12.24%,41891.75,41891.75,311513.00,342141,51,1957.18,2160,0,190.30999999999995,0,202.81999999999994,12.51,59.03999999999997,1898.14,0,1957.18,33484.00,33484.00,8407.75,8407.752,87.88%,90.61%,3.976862745098038,38.37607843137255,90.61%,121.47839463896236,311513,164.1148703467605,492.3446110402815,88.39%
RDM,Oct-2021,322.69,3.10%,88202.00,54.23%,2.98%,1.17,54.04%,82.05%,,15.18%,56265.12,56265.12,385224.00,370635,45,2107.7,2232,0,124.3,0,124.3,0,64.96,2042.7399999999998,0,2107.7,47830.05,47830.05,8435.07,8435.067,91.52%,94.43%,2.7622222222222224,46.837777777777774,94.43%,152.4408392649089,385224,188.58200260434518,565.7460078130355,91.52%
RDM,Nov-2021,1484.83,5.19%,56653.00,54.00%,2.22%,1.08,43.72%,72.19%,,16.47%,34882.90,34882.90,273008.00,211820,52,1581.6099999999997,2160,0,254.34000000000003,0,578.3900000000002,324.05,111.24000000000001,1470.3699999999997,0,1581.6099999999997,30590.50,30590.50,4292.40,4292.396,68.07%,73.22%,11.122884615384619,30.415576923076916,73.22%,131.65665784802468,273008,185.6729938722907,557.0189816168721,80.09%
RDM,Dec-2021,253.37,2.79%,87134.00,53.98%,2.52%,1.27,61.49%,84.66%,,14.74%,55595.26,55595.26,348375.00,377236,30,2171.22,2232,0,60.78,0,60.78,0,94.71000000000005,2076.5099999999998,0,2171.22,47030.69,47030.69,8564.57,8564.574,93.03%,97.28%,2.0260000000000002,72.374,97.28%,147.10403513587704,348375,167.76947859629863,503.30843578889585,93.03%
RDM,Jan-2022,637.30,2.61%,62292.00,53.36%,2.62%,1.28,60.34%,83.67%,,12.36%,39277.24,39277.24,274715.00,317759,58,2038.72,2232,0,184.12,0,193.28,9.16,120.81999999999995,1917.9,0,2038.72,33241.72,33241.72,6035.51,6035.514,85.93%,91.34%,3.332413793103448,35.15034482758621,91.34%,114.26091037071797,274715,143.23739506752176,429.71218520256525,86.28%
RDM,Feb-2022,96.28,2.91%,83713.00,53.20%,2.80%,1.58,58.29%,82.29%,,13.98%,53543.86,53543.86,367768.00,383115,31,1975.09,2016,0,40.91000000000001,0,40.91000000000001,0,25.12000000000001,1949.9699999999998,0,1975.09,44531.92,44531.92,9011.94,9011.936,96.72%,97.97%,1.319677419354839,63.71258064516129,97.97%,153.19312604809306,367768,188.60187592629632,565.805627778889,96.72%
RDM,Mar-2022,125.26,2.68%,100389.00,53.62%,2.92%,1.43,47.61%,86.45%,,14.25%,60251.44,60251.44,385730.00,422818,40,2177.56,2232,0,54.43999999999999,0,54.43999999999999,0,19.779999999999998,2157.7799999999997,0,2177.56,53829.53,53829.53,6421.92,6421.916,96.67%,97.56%,1.3609999999999998,54.439,97.56%,154.97455718377222,385730,178.7624317585667,536.2872952757001,96.67%
RDM,Apr-2022,277.46,3.27%,93284.00,53.11%,2.56%,1.17,61.57%,83.70%,,15.22%,58332.36,58332.36,354582.00,383289,25,2042.54,2160,0,91.34,0,117.46000000000001,26.119999999999997,17.389999999999993,2025.1499999999999,0,2042.54,49542.09,49542.09,8790.27,8790.268,93.76%,94.56%,4.6984,81.7016,94.56%,160.74068587512036,354582,175.089252647952,525.267757943856,94.90%
RDM,May-2022,729.97,3.31%,86719.00,53.73%,2.45%,1.14,59.06%,84.81%,,17.11%,54256.80,54256.80,312642.00,317141,36,2134.74,2232,0,97.26000000000002,0,97.26000000000002,0,263.11999999999983,1871.62,0,2134.74,46590.69,46590.69,7666.11,7666.11,83.85%,95.64%,2.701666666666667,59.298333333333325,95.64%,160.08858635834198,312642,167.0435237922228,501.1305713766684,83.85%
RDM,Jun-2022,485.35,2.36%,88927.00,53.56%,2.25%,1.05,47.95%,88.67%,,16.44%,52175.55,52175.55,319664.00,317297,29,2045.85,2160,0,78.60999999999999,0,114.14999999999999,35.54,160.99000000000007,1884.86,0,2045.85,47628.70,47628.70,4546.85,4546.854,87.26%,94.72%,3.936206896551724,70.54655172413793,94.72%,154.51704635888078,319664,169.5956198338338,508.78685950150145,88.72%
RDM,Jul-2022,206.65,2.11%,100859.00,53.44%,2.56%,1.20,46.64%,88.85%,,15.94%,59882.96,59882.96,383243.00,375625,27,2156.47,2232,0,75.53,0,75.53,0,20.849999999999987,2135.62,0,2156.47,53901.01,53901.01,5981.95,5981.95,95.68%,96.62%,2.7974074074074076,79.86925925925925,96.62%,156.5938696959197,383243,179.45280527434656,538.3584158230396,95.68%
RDM,Aug-2022,314.64,2.29%,105187.00,54.51%,2.00%,1.05,49.11%,87.15%,,16.78%,64236.27,64236.27,415508.00,382858,27,2121.84,2232,0,110.16000000000001,0,110.16000000000001,0,77.45,2044.39,0,2121.84,57334.91,57334.91,6901.36,6901.362,91.59%,95.06%,4.08,78.58666666666667,95.06%,172.90585455808335,415508,203.2430211456718,609.7290634370154,91.59%
RDM,Sep-2022,329.17,2.53%,84616.00,55.08%,2.25%,1.08,53.08%,85.96%,,15.29%,52740.70,52740.70,342144.00,344950,37,1989.04,2160,0,170.95999999999998,0,170.95999999999998,0,21.449999999999992,1967.59,0,1989.04,46604.28,46604.28,6136.43,6136.428,91.09%,92.09%,4.62054054054054,53.75783783783784,92.09%,145.85660630517538,342144,173.88988559608455,521.6696567882536,91.09%
RDM,Oct-2022,335.38,2.25%,81072.00,54.41%,2.35%,1.19,50.53%,87.53%,,17.98%,49736.72,49736.72,316869.00,276565,45,2105.91,2232,0,113.12000000000003,0,126.09000000000009,12.969999999999999,129.22000000000008,1976.6899999999998,0,2105.91,44110.88,44110.88,5625.84,5625.838,88.56%,94.35%,2.802000000000002,46.797999999999995,94.35%,138.0368191269243,316869,160.30282947756098,480.90848843268293,89.08%
RDM,Nov-2022,1118.71,4.04%,53351.00,53.98%,2.35%,1.18,57.10%,75.89%,,12.80%,33992.34,33992.34,251809.00,265638,38,1904.21,2160,0,97.07000000000002,0,255.79000000000002,158.71999999999997,280.64,1623.5700000000002,0,1904.21,28800.22,28800.22,5192.12,5192.12,75.17%,88.16%,6.731315789473685,50.110789473684214,88.16%,117.68879691051201,251809,155.0958689800871,465.2876069402613,81.13%
RDM,Dec-2022,564.59,3.42%,87974.00,53.35%,2.22%,1.41,49.80%,82.08%,,15.31%,54129.76,54129.76,345544.00,353599,30,2149.89,2232,0,82.11000000000001,0,82.11000000000001,0,196.87000000000012,1953.0199999999998,0,2149.89,46933.97,46933.97,7195.80,7195.795,87.50%,96.32%,2.7370000000000005,71.663,96.32%,155.7403406007107,345544,176.9280396514117,530.784118954235,87.50%
RDM,Jan-2023,,2.83%,92472.00,53.82%,2.38%,1.30,51.91%,84.33%,,15.62%,57533.34,57533.34,374637.00,368380,,2190.0171666666665,2232,0,38.26066666666666,3.7221666666666664,41.98283333333332,0,17.763166666666663,2171.267333333333,0.9866666666666668,2189.0305,49768.26,49768.26,7765.08,7765.079,97.28%,98.12%,,,98.12%,146.9584123066682,374637,172.54300944363985,517.6290283309195,97.28%
RDM,Feb-2023,,2.71%,67333.00,54.32%,2.49%,1.28,56.29%,83.41%,,15.11%,43862.12,43862.12,284030.00,290212,,1758.3996666666667,2016,0,133.39799999999997,121.92833333333334,257.60033333333337,2.274,49.01266666666667,1575.6399999999999,133.74699999999999,1624.6526666666666,36572.69,36572.69,7289.43,7289.433,78.16%,86.31%,,,87.22%,153.1720443756188,284030,180.2632581046432,540.7897743139296,78.25%
RDM,Mar-2023,,3.15%,70556.00,53.27%,2.64%,1.43,55.55%,80.43%,,13.56%,45129.13,45129.13,313956.00,332788,,1968.8296666666668,2016,0,43.86583333333333,3.3045,47.170333333333325,0,19.04516666666667,1793.3471666666667,156.43733333333333,1812.3923333333335,37586.15,37586.15,7542.98,7542.981,88.96%,97.46%,,,97.66%,141.03125412694305,313956,175.0670510627102,525.2011531881305,88.96%
